pullRequest_id,detected_refactorings,url
47267,EXTRACT_VARIABLE,https://github.com/Vazkii/Botania/pull/2667
47268,EXTRACT_OPERATION;RENAME_VARIABLE,https://github.com/samtools/htsjdk/pull/890
47269,INLINE_OPERATION;INLINE_VARIABLE;MOVE_CLASS;RENAME_ATTRIBUTE;RENAME_CLASS;RENAME_METHOD;RENAME_PARAMETER;RENAME_VARIABLE,https://github.com/mixpanel/mixpanel-android/pull/208
47270,EXTRACT_CLASS;EXTRACT_OPERATION;MOVE_CLASS;RENAME_METHOD;REPLACE_VARIABLE_WITH_ATTRIBUTE,https://github.com/openMF/mifos-mobile/pull/36
47271,EXTRACT_CLASS;EXTRACT_OPERATION;EXTRACT_VARIABLE;INLINE_OPERATION;MOVE_ATTRIBUTE;MOVE_OPERATION;MOVE_RENAME_ATTRIBUTE;RENAME_ATTRIBUTE;RENAME_CLASS;RENAME_METHOD;RENAME_PARAMETER;REPLACE_VARIABLE_WITH_ATTRIBUTE,https://github.com/mixpanel/mixpanel-android/pull/12
47272,EXTRACT_OPERATION;INLINE_VARIABLE;RENAME_VARIABLE,https://github.com/datacleaner/DataCleaner/pull/455
47273,EXTRACT_INTERFACE,https://github.com/samtools/htsjdk/pull/599
47274,EXTRACT_SUPERCLASS;MOVE_CLASS;PULL_UP_OPERATION;RENAME_METHOD,https://github.com/SynBioDex/libSBOLj/pull/62
47275,EXTRACT_OPERATION;RENAME_METHOD,https://github.com/confluentinc/kafka-connect-elasticsearch/pull/251
47277,EXTRACT_VARIABLE;INLINE_VARIABLE;RENAME_VARIABLE,https://github.com/spring-projects/spring-integration/pull/1370
47278,MOVE_ATTRIBUTE;MOVE_OPERATION;RENAME_METHOD,https://github.com/permissions-dispatcher/PermissionsDispatcher/pull/306
47279,RENAME_METHOD,https://github.com/minio/minio-java/pull/130
47280,MOVE_ATTRIBUTE;MOVE_OPERATION,https://github.com/embulk/embulk-output-jdbc/pull/113
47282,EXTRACT_CLASS;MOVE_ATTRIBUTE;MOVE_OPERATION;PULL_UP_ATTRIBUTE;PULL_UP_OPERATION;RENAME_ATTRIBUTE;RENAME_VARIABLE,https://github.com/hopshadoop/hopsworks/pull/483
47283,EXTRACT_OPERATION;RENAME_METHOD;RENAME_PARAMETER;RENAME_VARIABLE,https://github.com/samtools/htsjdk/pull/772
47285,EXTRACT_OPERATION;INLINE_OPERATION;MOVE_CLASS;PARAMETERIZE_VARIABLE;RENAME_ATTRIBUTE;RENAME_METHOD;RENAME_PARAMETER;RENAME_VARIABLE,https://github.com/samtools/htsjdk/pull/1276
47286,RENAME_CLASS,https://github.com/minio/minio-java/pull/238
47287,EXTRACT_AND_MOVE_OPERATION;EXTRACT_CLASS;EXTRACT_INTERFACE;EXTRACT_OPERATION;EXTRACT_VARIABLE;INLINE_OPERATION;INLINE_VARIABLE;MOVE_ATTRIBUTE;MOVE_CLASS;MOVE_OPERATION;MOVE_RENAME_CLASS;RENAME_ATTRIBUTE;RENAME_CLASS;RENAME_METHOD;RENAME_PARAMETER;RENAME_VARIABLE,https://github.com/unclebob/fitnesse/pull/217
47288,EXTRACT_AND_MOVE_OPERATION;RENAME_METHOD,https://github.com/jdbi/jdbi/pull/779
47289,MOVE_OPERATION;RENAME_PARAMETER,https://github.com/zalando/nakadi/pull/797
47290,EXTRACT_INTERFACE;EXTRACT_VARIABLE;RENAME_CLASS;RENAME_PARAMETER,https://github.com/novoda/download-manager/pull/292
47291,EXTRACT_AND_MOVE_OPERATION;EXTRACT_CLASS;EXTRACT_SUPERCLASS;MOVE_ATTRIBUTE;MOVE_OPERATION;PULL_UP_ATTRIBUTE;PULL_UP_OPERATION;RENAME_METHOD;RENAME_PARAMETER,https://github.com/xbmc/Kore/pull/116
47292,RENAME_METHOD,https://github.com/spring-io/sagan/pull/309
47293,EXTRACT_CLASS;EXTRACT_VARIABLE;MOVE_OPERATION;PARAMETERIZE_VARIABLE;RENAME_ATTRIBUTE;RENAME_CLASS;RENAME_METHOD;RENAME_PARAMETER,https://github.com/zalando/nakadi/pull/578
47294,INLINE_OPERATION;RENAME_METHOD,https://github.com/TeamAmaze/AmazeFileManager/pull/1412
47295,MOVE_CLASS;MOVE_OPERATION;RENAME_METHOD;RENAME_PARAMETER,https://github.com/Esteemed-Innovation/Esteemed-Innovation/pull/515
47296,EXTRACT_OPERATION;PARAMETERIZE_VARIABLE,https://github.com/kiegroup/optaplanner/pull/390
47297,EXTRACT_CLASS;MOVE_ATTRIBUTE;MOVE_OPERATION,https://github.com/dropwizard/dropwizard/pull/1361
47298,EXTRACT_SUPERCLASS;EXTRACT_VARIABLE;MOVE_ATTRIBUTE;PULL_UP_ATTRIBUTE;PULL_UP_OPERATION,https://github.com/halestudio/hale/pull/443
47299,EXTRACT_VARIABLE;RENAME_METHOD;RENAME_VARIABLE,https://github.com/novoda/download-manager/pull/180
47300,EXTRACT_VARIABLE;RENAME_VARIABLE,https://github.com/DSpace/DSpace/pull/585
47301,EXTRACT_CLASS;MOVE_ATTRIBUTE;MOVE_OPERATION;RENAME_CLASS,https://github.com/veraPDF/veraPDF-library/pull/569
47302,EXTRACT_CLASS;EXTRACT_INTERFACE;EXTRACT_OPERATION;EXTRACT_SUBCLASS;EXTRACT_VARIABLE;MOVE_ATTRIBUTE;MOVE_CLASS;MOVE_OPERATION;PUSH_DOWN_ATTRIBUTE;PUSH_DOWN_OPERATION;RENAME_ATTRIBUTE;RENAME_CLASS;RENAME_METHOD;RENAME_PARAMETER;RENAME_VARIABLE,https://github.com/datacleaner/DataCleaner/pull/577
47303,EXTRACT_OPERATION;EXTRACT_VARIABLE;RENAME_METHOD;RENAME_PARAMETER,https://github.com/unclebob/fitnesse/pull/739
47304,EXTRACT_OPERATION,https://github.com/jbake-org/jbake/pull/334
47305,EXTRACT_OPERATION,https://github.com/Netflix/hollow/pull/15
47306,EXTRACT_CLASS;EXTRACT_OPERATION;EXTRACT_SUPERCLASS;EXTRACT_VARIABLE;MOVE_ATTRIBUTE;MOVE_OPERATION;RENAME_ATTRIBUTE;RENAME_METHOD;RENAME_PARAMETER;RENAME_VARIABLE,https://github.com/hopshadoop/hopsworks/pull/132
47307,EXTRACT_VARIABLE,https://github.com/apache/nutch/pull/424
47308,RENAME_VARIABLE,https://github.com/TheCoder4eu/BootsFaces-OSP/pull/426
47309,MOVE_OPERATION;RENAME_CLASS;RENAME_PARAMETER,https://github.com/jdbi/jdbi/pull/663
47310,EXTRACT_OPERATION,https://github.com/samtools/htsjdk/pull/651
47311,EXTRACT_SUPERCLASS;PULL_UP_ATTRIBUTE;PULL_UP_OPERATION,https://github.com/pentaho/big-data-plugin/pull/1660
47312,EXTRACT_OPERATION;RENAME_METHOD,https://github.com/zalando/nakadi/pull/626
47313,EXTRACT_VARIABLE,https://github.com/datacleaner/DataCleaner/pull/1659
47314,EXTRACT_OPERATION;INLINE_OPERATION;RENAME_PARAMETER;RENAME_VARIABLE,https://github.com/pentaho/big-data-plugin/pull/1106
47315,EXTRACT_OPERATION,https://github.com/temenostech/IRIS/pull/439
47316,MOVE_CLASS;RENAME_CLASS,https://github.com/ForestryMC/Binnie/pull/142
47321,EXTRACT_OPERATION;PARAMETERIZE_VARIABLE,https://github.com/pentaho/big-data-plugin/pull/643
47322,MOVE_CLASS;MOVE_RENAME_CLASS;RENAME_VARIABLE,https://github.com/DSpace/DSpace/pull/1024
47323,EXTRACT_OPERATION;RENAME_PARAMETER,https://github.com/dropwizard/dropwizard/pull/1859
47325,EXTRACT_OPERATION;INLINE_VARIABLE;MOVE_ATTRIBUTE;MOVE_SOURCE_FOLDER;RENAME_ATTRIBUTE;RENAME_CLASS;RENAME_METHOD;RENAME_PARAMETER;RENAME_VARIABLE,https://github.com/FundRequest/platform/pull/448
47326,EXTRACT_INTERFACE;MOVE_CLASS;MOVE_SOURCE_FOLDER;RENAME_CLASS;RENAME_PACKAGE;RENAME_VARIABLE,https://github.com/ForestryMC/Binnie/pull/260
47327,MOVE_ATTRIBUTE;RENAME_ATTRIBUTE;RENAME_VARIABLE,https://github.com/openrocket/openrocket/pull/513
47328,EXTRACT_OPERATION,https://github.com/Innoxia/liliths-throne-public/pull/57
47329,EXTRACT_AND_MOVE_OPERATION;EXTRACT_OPERATION;INLINE_VARIABLE;MOVE_CLASS;MOVE_RENAME_CLASS;MOVE_SOURCE_FOLDER;RENAME_ATTRIBUTE;RENAME_CLASS;RENAME_METHOD;RENAME_VARIABLE,https://github.com/novoda/download-manager/pull/268
47330,MOVE_ATTRIBUTE;MOVE_CLASS;RENAME_VARIABLE,https://github.com/Cognifide/bobcat/pull/35
47331,EXTRACT_OPERATION,https://github.com/samtools/htsjdk/pull/306
47332,RENAME_METHOD,https://github.com/minio/minio-java/pull/129
47333,EXTRACT_OPERATION,https://github.com/Rajawali/Rajawali/pull/95
47334,EXTRACT_OPERATION;RENAME_METHOD;RENAME_VARIABLE;REPLACE_VARIABLE_WITH_ATTRIBUTE,https://github.com/bonitasoft/bonita-engine/pull/151
47335,EXTRACT_SUPERCLASS;PULL_UP_ATTRIBUTE,https://github.com/zalando/nakadi/pull/51
47337,EXTRACT_OPERATION,https://github.com/slapperwan/gh4a/pull/183
47338,EXTRACT_OPERATION,https://github.com/spring-projects/spring-integration/pull/94
47339,MOVE_ATTRIBUTE,https://github.com/zendesk/maxwell/pull/865
47340,EXTRACT_CLASS;MOVE_CLASS;MOVE_OPERATION,https://github.com/MegaMek/mekhq/pull/430
47341,REPLACE_VARIABLE_WITH_ATTRIBUTE,https://github.com/pentaho/big-data-plugin/pull/703
47342,EXTRACT_OPERATION;RENAME_VARIABLE,https://github.com/conveyal/r5/pull/243
47343,EXTRACT_VARIABLE,https://github.com/Findwise/Hydra/pull/233
47345,REPLACE_VARIABLE_WITH_ATTRIBUTE,https://github.com/Progether/JAdventure/pull/254
47346,RENAME_METHOD;RENAME_PARAMETER;RENAME_VARIABLE,https://github.com/hopshadoop/hopsworks/pull/417
47347,MOVE_CLASS,https://github.com/SCADA-LTS/Scada-LTS/pull/15
47348,EXTRACT_OPERATION;RENAME_PARAMETER,https://github.com/jenkinsci/docker-plugin/pull/227
47349,MOVE_ATTRIBUTE;MOVE_CLASS;MOVE_OPERATION,https://github.com/MegaMek/mekhq/pull/202
47351,EXTRACT_OPERATION;MOVE_OPERATION,https://github.com/opendatakit/aggregate/pull/308
47352,EXTRACT_AND_MOVE_OPERATION;EXTRACT_CLASS;EXTRACT_OPERATION;MOVE_ATTRIBUTE;MOVE_CLASS;MOVE_OPERATION;RENAME_ATTRIBUTE;RENAME_METHOD;RENAME_PARAMETER;RENAME_VARIABLE,https://github.com/spring-projects/spring-data-neo4j/pull/79
47354,MOVE_RENAME_CLASS,https://github.com/dkpro/dkpro-core/pull/1375
47355,EXTRACT_OPERATION;EXTRACT_VARIABLE;INLINE_VARIABLE;MOVE_ATTRIBUTE;RENAME_ATTRIBUTE;RENAME_CLASS;RENAME_METHOD;RENAME_PARAMETER,https://github.com/zalando/nakadi/pull/447
47356,MOVE_CLASS;MOVE_OPERATION;MOVE_SOURCE_FOLDER;RENAME_PACKAGE,https://github.com/unclebob/fitnesse/pull/518
47357,PULL_UP_OPERATION;RENAME_ATTRIBUTE;RENAME_METHOD;RENAME_PARAMETER;RENAME_VARIABLE,https://github.com/openrocket/openrocket/pull/33
47358,EXTRACT_OPERATION;RENAME_PARAMETER,https://github.com/SleepyTrousers/EnderIO/pull/2301
47361,EXTRACT_AND_MOVE_OPERATION;EXTRACT_OPERATION;EXTRACT_VARIABLE;RENAME_VARIABLE,https://github.com/Innoxia/liliths-throne-public/pull/461
47362,EXTRACT_OPERATION;MOVE_CLASS;RENAME_METHOD;RENAME_VARIABLE,https://github.com/samtools/htsjdk/pull/432
47363,INLINE_VARIABLE,https://github.com/hierynomus/sshj/pull/271
47365,RENAME_PARAMETER,https://github.com/Netflix/archaius/pull/37
47366,EXTRACT_OPERATION,https://github.com/spring-projects/spring-integration/pull/2115
47367,EXTRACT_AND_MOVE_OPERATION;RENAME_CLASS,https://github.com/samtools/htsjdk/pull/510
47368,EXTRACT_AND_MOVE_OPERATION;EXTRACT_SUPERCLASS;MOVE_ATTRIBUTE;MOVE_CLASS;MOVE_OPERATION;MOVE_RENAME_CLASS;PULL_UP_ATTRIBUTE;PULL_UP_OPERATION;RENAME_ATTRIBUTE;RENAME_CLASS;RENAME_METHOD;RENAME_PARAMETER;RENAME_VARIABLE;REPLACE_ATTRIBUTE;REPLACE_VARIABLE_WITH_ATTRIBUTE,https://github.com/hopshadoop/hopsworks/pull/79
47369,EXTRACT_CLASS;MOVE_OPERATION;RENAME_METHOD,https://github.com/Netflix/archaius/pull/329
47371,EXTRACT_OPERATION;EXTRACT_SUBCLASS;INLINE_OPERATION;MOVE_ATTRIBUTE;MOVE_CLASS;MOVE_SOURCE_FOLDER;PUSH_DOWN_ATTRIBUTE;PUSH_DOWN_OPERATION;RENAME_ATTRIBUTE;RENAME_CLASS;RENAME_METHOD;RENAME_PACKAGE;RENAME_VARIABLE,https://github.com/adjust/android_sdk/pull/36
47373,EXTRACT_VARIABLE;RENAME_ATTRIBUTE;RENAME_PARAMETER,https://github.com/square/javapoet/pull/127
47374,EXTRACT_OPERATION;RENAME_PARAMETER;RENAME_VARIABLE,https://github.com/SlimeKnights/TinkersConstruct/pull/2375
47375,EXTRACT_AND_MOVE_OPERATION;MOVE_ATTRIBUTE;RENAME_METHOD;RENAME_PARAMETER,https://github.com/veraPDF/veraPDF-library/pull/31
47376,EXTRACT_VARIABLE,https://github.com/zerocracy/farm/pull/685
47377,MOVE_CLASS;RENAME_PACKAGE,https://github.com/caelum/vraptor4/pull/66
47378,EXTRACT_INTERFACE;MOVE_OPERATION;RENAME_METHOD;RENAME_PARAMETER,https://github.com/Javacord/Javacord/pull/195
47379,EXTRACT_OPERATION;RENAME_VARIABLE,https://github.com/spotify/docker-client/pull/713
47380,INLINE_OPERATION;MOVE_ATTRIBUTE;RENAME_PARAMETER,https://github.com/openMF/android-client/pull/242
47382,EXTRACT_CLASS;EXTRACT_OPERATION;EXTRACT_SUPERCLASS;INLINE_VARIABLE;MOVE_OPERATION;MOVE_RENAME_CLASS;PULL_UP_ATTRIBUTE;PULL_UP_OPERATION;RENAME_CLASS;RENAME_METHOD;RENAME_VARIABLE,https://github.com/concordion/concordion/pull/121
47383,EXTRACT_CLASS;MOVE_ATTRIBUTE;MOVE_CLASS;MOVE_OPERATION,https://github.com/square/retrofit/pull/1393
47384,EXTRACT_CLASS;EXTRACT_OPERATION;MOVE_ATTRIBUTE;MOVE_OPERATION;RENAME_METHOD,https://github.com/datacleaner/DataCleaner/pull/961
47385,RENAME_ATTRIBUTE;RENAME_CLASS;RENAME_METHOD,https://github.com/caelum/vraptor4/pull/736
47386,EXTRACT_OPERATION,https://github.com/spotify/docker-client/pull/276
47387,EXTRACT_CLASS;EXTRACT_OPERATION;MOVE_ATTRIBUTE;MOVE_OPERATION;RENAME_ATTRIBUTE;RENAME_CLASS,https://github.com/DSpace/DSpace/pull/1707
47388,EXTRACT_AND_MOVE_OPERATION;RENAME_PARAMETER,https://github.com/DSpace/DSpace/pull/1037
47390,EXTRACT_OPERATION;EXTRACT_SUPERCLASS;MOVE_ATTRIBUTE;MOVE_CLASS;MOVE_OPERATION;PULL_UP_ATTRIBUTE;PULL_UP_OPERATION;RENAME_CLASS;RENAME_METHOD,https://github.com/hortonworks/registry/pull/125
47391,MOVE_ATTRIBUTE,https://github.com/Netflix/hollow/pull/144
47392,EXTRACT_OPERATION;INLINE_VARIABLE,https://github.com/connectbot/connectbot/pull/122
47393,RENAME_ATTRIBUTE;RENAME_PARAMETER,https://github.com/cbeust/testng/pull/1481
47394,EXTRACT_OPERATION;EXTRACT_VARIABLE;INLINE_OPERATION;RENAME_ATTRIBUTE;RENAME_VARIABLE,https://github.com/aaberg/sql2o/pull/67
47396,EXTRACT_VARIABLE,https://github.com/apache/struts/pull/135
47397,MOVE_CLASS,https://github.com/ReactiveX/RxNetty/pull/18
47398,EXTRACT_OPERATION;EXTRACT_SUPERCLASS;MOVE_CLASS;MOVE_RENAME_CLASS;RENAME_ATTRIBUTE;RENAME_CLASS;RENAME_METHOD;RENAME_PARAMETER;RENAME_VARIABLE,https://github.com/liquibase/liquibase/pull/231
47399,EXTRACT_SUPERCLASS;MOVE_CLASS;PULL_UP_ATTRIBUTE;PULL_UP_OPERATION,https://github.com/docker-java/docker-java/pull/639
47400,EXTRACT_OPERATION;EXTRACT_SUPERCLASS;PULL_UP_ATTRIBUTE;PULL_UP_OPERATION;RENAME_METHOD,https://github.com/unclebob/fitnesse/pull/1100
47401,EXTRACT_CLASS;EXTRACT_INTERFACE;EXTRACT_SUBCLASS;EXTRACT_SUPERCLASS;INLINE_OPERATION;MOVE_ATTRIBUTE;MOVE_CLASS;MOVE_RENAME_CLASS;PUSH_DOWN_ATTRIBUTE;PUSH_DOWN_OPERATION;RENAME_ATTRIBUTE;RENAME_CLASS;RENAME_METHOD;RENAME_PARAMETER;RENAME_VARIABLE,https://github.com/commercetools/commercetools-sunrise-java/pull/394
47402,EXTRACT_AND_MOVE_OPERATION;EXTRACT_OPERATION;EXTRACT_SUPERCLASS;EXTRACT_VARIABLE;INLINE_VARIABLE;MOVE_OPERATION;PULL_UP_ATTRIBUTE;PULL_UP_OPERATION;RENAME_ATTRIBUTE;RENAME_METHOD;RENAME_PARAMETER;RENAME_VARIABLE,https://github.com/Direwolf20-MC/BuildingGadgets/pull/106
47403,EXTRACT_SUPERCLASS;INLINE_OPERATION;MOVE_ATTRIBUTE;MOVE_OPERATION;PULL_UP_ATTRIBUTE;RENAME_ATTRIBUTE;RENAME_METHOD;RENAME_PARAMETER;RENAME_VARIABLE,https://github.com/TeamAmaze/AmazeFileManager/pull/340
47404,MOVE_CLASS;RENAME_VARIABLE,https://github.com/datacleaner/DataCleaner/pull/1479
47405,EXTRACT_OPERATION;RENAME_VARIABLE,https://github.com/pentaho/big-data-plugin/pull/1450
47407,EXTRACT_AND_MOVE_OPERATION;EXTRACT_OPERATION;MOVE_RENAME_CLASS;MOVE_SOURCE_FOLDER;RENAME_ATTRIBUTE;RENAME_CLASS;RENAME_METHOD;RENAME_PARAMETER;RENAME_VARIABLE,https://github.com/jdbi/jdbi/pull/189
47408,MOVE_CLASS,https://github.com/linkedin/pygradle/pull/104
47409,EXTRACT_OPERATION,https://github.com/cbeust/testng/pull/1749
47410,RENAME_ATTRIBUTE;RENAME_METHOD;RENAME_PARAMETER,https://github.com/apache/struts/pull/169
47411,EXTRACT_OPERATION;MOVE_CLASS;MOVE_RENAME_CLASS;RENAME_PACKAGE,https://github.com/52North/WPS/pull/169
47412,INLINE_OPERATION;RENAME_PARAMETER,https://github.com/spring-projects/spring-data-elasticsearch/pull/205
47413,EXTRACT_OPERATION;RENAME_ATTRIBUTE;RENAME_METHOD;REPLACE_VARIABLE_WITH_ATTRIBUTE,https://github.com/jdbi/jdbi/pull/1484
47415,INLINE_OPERATION;MOVE_CLASS,https://github.com/samtools/htsjdk/pull/1253
47416,MOVE_OPERATION;RENAME_ATTRIBUTE;RENAME_METHOD;RENAME_PARAMETER,https://github.com/samtools/htsjdk/pull/1374
47417,RENAME_VARIABLE,https://github.com/pentaho/big-data-plugin/pull/1018
47418,PARAMETERIZE_VARIABLE;RENAME_METHOD;RENAME_PARAMETER;RENAME_VARIABLE,https://github.com/novoda/download-manager/pull/359
47420,MOVE_CLASS;MOVE_OPERATION;RENAME_ATTRIBUTE,https://github.com/openMF/mifos-mobile/pull/74
47421,EXTRACT_INTERFACE;RENAME_CLASS;RENAME_PARAMETER;RENAME_VARIABLE,https://github.com/GwtMaterialDesign/gwt-material/pull/465
47422,EXTRACT_CLASS;EXTRACT_SUPERCLASS;MOVE_OPERATION;PULL_UP_OPERATION,https://github.com/MrCrayfish/MrCrayfishFurnitureMod/pull/248
47423,RENAME_METHOD,https://github.com/yandex/clickhouse-jdbc/pull/282
47425,EXTRACT_OPERATION;MOVE_ATTRIBUTE;RENAME_ATTRIBUTE,https://github.com/ccrama/Slide/pull/920
47426,EXTRACT_OPERATION;EXTRACT_VARIABLE;PARAMETERIZE_VARIABLE;RENAME_CLASS;RENAME_METHOD;RENAME_PARAMETER;RENAME_VARIABLE,https://github.com/Netflix/archaius/pull/61
47427,EXTRACT_AND_MOVE_OPERATION;EXTRACT_OPERATION;RENAME_ATTRIBUTE;RENAME_CLASS;RENAME_VARIABLE,https://github.com/cbeust/testng/pull/1847
47429,EXTRACT_AND_MOVE_OPERATION;EXTRACT_OPERATION;EXTRACT_VARIABLE;INLINE_OPERATION;INLINE_VARIABLE;RENAME_METHOD;RENAME_PARAMETER;RENAME_VARIABLE,https://github.com/bonitasoft/bonita-engine/pull/77
47430,EXTRACT_CLASS;EXTRACT_OPERATION;EXTRACT_SUPERCLASS;MOVE_ATTRIBUTE;MOVE_CLASS;RENAME_PARAMETER;RENAME_VARIABLE,https://github.com/DSpace/DSpace/pull/2215
47433,EXTRACT_VARIABLE;RENAME_METHOD;RENAME_PARAMETER,https://github.com/caelum/vraptor4/pull/12
47434,MOVE_OPERATION,https://github.com/eclipse/microprofile-fault-tolerance/pull/363
47435,EXTRACT_VARIABLE;RENAME_PARAMETER;RENAME_VARIABLE,https://github.com/DSpace/DSpace/pull/905
47436,EXTRACT_OPERATION;EXTRACT_VARIABLE;PARAMETERIZE_VARIABLE;RENAME_PARAMETER,https://github.com/temenostech/IRIS/pull/97
47438,EXTRACT_OPERATION,https://github.com/spring-projects/spring-amqp/pull/346
47441,EXTRACT_CLASS;MOVE_OPERATION,https://github.com/zalando/nakadi/pull/580
47442,MOVE_ATTRIBUTE;MOVE_CLASS;MOVE_RENAME_CLASS;RENAME_ATTRIBUTE;RENAME_PARAMETER,https://github.com/zalando/nakadi/pull/785
47443,EXTRACT_OPERATION,https://github.com/zerocracy/farm/pull/1467
47444,MOVE_ATTRIBUTE;MOVE_OPERATION;RENAME_VARIABLE,https://github.com/vert-x3/vertx-codegen/pull/253
47445,EXTRACT_AND_MOVE_OPERATION,https://github.com/ratpack/ratpack/pull/977
47446,EXTRACT_OPERATION;RENAME_VARIABLE,https://github.com/osmdroid/osmdroid/pull/856
47447,MOVE_OPERATION;RENAME_ATTRIBUTE;RENAME_CLASS;RENAME_PARAMETER,https://github.com/veraPDF/veraPDF-library/pull/615
47448,EXTRACT_AND_MOVE_OPERATION;INLINE_VARIABLE;RENAME_PARAMETER,https://github.com/apache/metamodel/pull/153
47449,EXTRACT_OPERATION;RENAME_ATTRIBUTE,https://github.com/google/sagetv/pull/169
47451,EXTRACT_SUPERCLASS;INLINE_OPERATION;MOVE_OPERATION;PULL_UP_OPERATION;RENAME_CLASS,https://github.com/openMF/android-client/pull/165
47452,EXTRACT_VARIABLE;RENAME_ATTRIBUTE,https://github.com/aidenlab/Juicebox/pull/792
47453,PULL_UP_ATTRIBUTE;PULL_UP_OPERATION;RENAME_ATTRIBUTE;RENAME_METHOD;REPLACE_ATTRIBUTE,https://github.com/Cognifide/bobcat/pull/315
47454,EXTRACT_CLASS;MOVE_ATTRIBUTE;MOVE_OPERATION,https://github.com/zhcet-amu/zhcet-web/pull/136
47455,EXTRACT_INTERFACE;MOVE_RENAME_CLASS;RENAME_METHOD;RENAME_VARIABLE,https://github.com/Netflix/archaius/pull/259
47457,EXTRACT_OPERATION;PARAMETERIZE_VARIABLE;RENAME_VARIABLE,https://github.com/hopshadoop/hopsworks/pull/813
47458,RENAME_METHOD;RENAME_PARAMETER,https://github.com/dropwizard/dropwizard/pull/2492
47459,RENAME_CLASS;RENAME_METHOD,https://github.com/spring-projects/spring-integration/pull/201
47461,INLINE_VARIABLE,https://github.com/pentaho/big-data-plugin/pull/1554
47462,EXTRACT_OPERATION,https://github.com/Rajawali/Rajawali/pull/311
47463,EXTRACT_OPERATION;INLINE_VARIABLE;PARAMETERIZE_VARIABLE;RENAME_PARAMETER;RENAME_VARIABLE,https://github.com/jitsi/jitsi/pull/423
47465,EXTRACT_OPERATION,https://github.com/docker-java/docker-java/pull/680
47466,EXTRACT_CLASS;EXTRACT_SUPERCLASS;MOVE_CLASS;MOVE_OPERATION;PULL_UP_ATTRIBUTE;PULL_UP_OPERATION,https://github.com/xbmc/Kore/pull/302
47467,RENAME_ATTRIBUTE;RENAME_METHOD;RENAME_PARAMETER,https://github.com/dropwizard/dropwizard/pull/1564
47468,EXTRACT_VARIABLE;INLINE_OPERATION,https://github.com/google/guice/pull/1240
47469,EXTRACT_OPERATION;EXTRACT_SUPERCLASS;EXTRACT_VARIABLE;MOVE_RENAME_CLASS;PARAMETERIZE_VARIABLE;PULL_UP_OPERATION;RENAME_ATTRIBUTE;RENAME_METHOD;RENAME_PARAMETER;RENAME_VARIABLE,https://github.com/antlr/intellij-plugin-v4/pull/129
47470,RENAME_ATTRIBUTE;RENAME_VARIABLE,https://github.com/flyingsaucerproject/flyingsaucer/pull/141
47471,EXTRACT_SUPERCLASS;PULL_UP_ATTRIBUTE;PULL_UP_OPERATION;RENAME_CLASS,https://github.com/samtools/htsjdk/pull/1014
47472,EXTRACT_AND_MOVE_OPERATION;EXTRACT_OPERATION;EXTRACT_VARIABLE;MOVE_ATTRIBUTE;RENAME_ATTRIBUTE;RENAME_CLASS;RENAME_METHOD;RENAME_PARAMETER;RENAME_VARIABLE;REPLACE_VARIABLE_WITH_ATTRIBUTE,https://github.com/novoda/download-manager/pull/43
47473,EXTRACT_OPERATION;RENAME_METHOD,https://github.com/caelum/vraptor4/pull/658
47474,EXTRACT_AND_MOVE_OPERATION;EXTRACT_CLASS;EXTRACT_INTERFACE;EXTRACT_OPERATION;EXTRACT_SUPERCLASS;MOVE_ATTRIBUTE;MOVE_OPERATION;PARAMETERIZE_VARIABLE;PULL_UP_OPERATION;RENAME_ATTRIBUTE;RENAME_METHOD;RENAME_PARAMETER;RENAME_VARIABLE,https://github.com/GwtMaterialDesign/gwt-material/pull/114
47477,INLINE_OPERATION;RENAME_VARIABLE,https://github.com/wocommunity/wonder/pull/335
47479,EXTRACT_INTERFACE;EXTRACT_SUBCLASS;EXTRACT_SUPERCLASS;EXTRACT_VARIABLE;INLINE_OPERATION;MOVE_CLASS;MOVE_OPERATION;PULL_UP_ATTRIBUTE;PULL_UP_OPERATION;PUSH_DOWN_OPERATION;RENAME_CLASS;RENAME_METHOD;RENAME_PARAMETER;RENAME_VARIABLE,https://github.com/docker-java/docker-java/pull/270
47480,RENAME_METHOD;RENAME_PARAMETER,https://github.com/locationtech/geowave/pull/950
47481,EXTRACT_OPERATION;RENAME_METHOD;RENAME_PARAMETER;RENAME_VARIABLE,https://github.com/commercetools/commercetools-sunrise-java/pull/267
47484,MOVE_RENAME_CLASS;RENAME_CLASS;RENAME_VARIABLE,https://github.com/osmdroid/osmdroid/pull/220
47485,EXTRACT_CLASS;MOVE_ATTRIBUTE;PULL_UP_ATTRIBUTE;PULL_UP_OPERATION;RENAME_CLASS;RENAME_VARIABLE,https://github.com/jdbi/jdbi/pull/337
47486,EXTRACT_OPERATION;EXTRACT_SUPERCLASS;INLINE_VARIABLE;MOVE_OPERATION;PULL_UP_ATTRIBUTE;PULL_UP_OPERATION;RENAME_METHOD;RENAME_VARIABLE;REPLACE_VARIABLE_WITH_ATTRIBUTE,https://github.com/opencb/opencga/pull/491
47487,EXTRACT_OPERATION;INLINE_VARIABLE;MOVE_SOURCE_FOLDER;RENAME_CLASS;RENAME_METHOD;RENAME_VARIABLE;REPLACE_VARIABLE_WITH_ATTRIBUTE,https://github.com/52North/WPS/pull/73
47488,EXTRACT_OPERATION;EXTRACT_VARIABLE;INLINE_VARIABLE;MOVE_CLASS;RENAME_ATTRIBUTE;RENAME_VARIABLE,https://github.com/soabase/exhibitor/pull/24
47489,EXTRACT_CLASS;EXTRACT_OPERATION;EXTRACT_VARIABLE;MOVE_ATTRIBUTE;MOVE_CLASS;MOVE_OPERATION;MOVE_RENAME_CLASS;RENAME_CLASS;RENAME_METHOD;RENAME_PARAMETER;RENAME_VARIABLE,https://github.com/DSpace/DSpace/pull/1083
47490,EXTRACT_OPERATION;EXTRACT_VARIABLE;INLINE_OPERATION;MOVE_CLASS;PARAMETERIZE_VARIABLE;RENAME_CLASS,https://github.com/caelum/vraptor4/pull/142
47491,EXTRACT_OPERATION,https://github.com/zerocracy/farm/pull/455
47492,EXTRACT_AND_MOVE_OPERATION;EXTRACT_OPERATION;RENAME_METHOD;RENAME_VARIABLE,https://github.com/MegaMek/mekhq/pull/392
47494,RENAME_ATTRIBUTE,https://github.com/pentaho/big-data-plugin/pull/987
47495,RENAME_METHOD,https://github.com/square/javapoet/pull/403
47496,INLINE_VARIABLE;REPLACE_VARIABLE_WITH_ATTRIBUTE,https://github.com/DSpace/DSpace/pull/1104
47497,MOVE_SOURCE_FOLDER,https://github.com/daneren2005/Subsonic/pull/832
47498,EXTRACT_OPERATION;RENAME_METHOD,https://github.com/apache/usergrid/pull/113
47499,EXTRACT_OPERATION;MOVE_CLASS;RENAME_CLASS;RENAME_METHOD;RENAME_VARIABLE,https://github.com/jenkinsci/acceptance-test-harness/pull/338
47500,EXTRACT_CLASS;MOVE_ATTRIBUTE;MOVE_OPERATION;RENAME_METHOD,https://github.com/TeamAmaze/AmazeFileManager/pull/708
47501,MOVE_OPERATION;RENAME_PARAMETER,https://github.com/zalando/nakadi/pull/791
47503,EXTRACT_OPERATION;MOVE_OPERATION,https://github.com/ObeoNetwork/M2Doc/pull/24
47504,EXTRACT_VARIABLE,https://github.com/temenostech/IRIS/pull/473
47506,INLINE_OPERATION;MOVE_CLASS;MOVE_OPERATION,https://github.com/Findwise/Hydra/pull/165
47507,EXTRACT_SUPERCLASS;MOVE_CLASS;RENAME_ATTRIBUTE;RENAME_PARAMETER;RENAME_VARIABLE,https://github.com/square/retrofit/pull/1288
47508,EXTRACT_SUPERCLASS;EXTRACT_VARIABLE;PARAMETERIZE_VARIABLE;PULL_UP_ATTRIBUTE;RENAME_CLASS;RENAME_METHOD,https://github.com/jdbi/jdbi/pull/910
47509,MOVE_CLASS,https://github.com/ta4j/ta4j/pull/31
47511,EXTRACT_INTERFACE;EXTRACT_OPERATION;EXTRACT_SUPERCLASS;EXTRACT_VARIABLE;INLINE_OPERATION;INLINE_VARIABLE;MOVE_OPERATION;MOVE_RENAME_CLASS;PULL_UP_OPERATION;RENAME_ATTRIBUTE;RENAME_CLASS;RENAME_METHOD;RENAME_PARAMETER;RENAME_VARIABLE,https://github.com/GwtMaterialDesign/gwt-material/pull/432
47512,EXTRACT_SUPERCLASS;MOVE_CLASS;PULL_UP_ATTRIBUTE;PULL_UP_OPERATION;RENAME_CLASS;RENAME_VARIABLE,https://github.com/apache/struts/pull/137
47514,MOVE_CLASS,https://github.com/commercetools/commercetools-sunrise-java/pull/666
47515,INLINE_OPERATION;MOVE_ATTRIBUTE,https://github.com/loklak/loklak_server/pull/500
47517,MOVE_CLASS;RENAME_PACKAGE,https://github.com/Blazebit/blaze-persistence/pull/483
47519,INLINE_VARIABLE;RENAME_PARAMETER,https://github.com/MegaMek/mekhq/pull/768
47520,EXTRACT_AND_MOVE_OPERATION;PUSH_DOWN_ATTRIBUTE;PUSH_DOWN_OPERATION,https://github.com/pentaho/big-data-plugin/pull/1551
47521,EXTRACT_OPERATION,https://github.com/square/retrofit/pull/267
47522,RENAME_CLASS,https://github.com/citrusframework/citrus/pull/622
47524,RENAME_CLASS,https://github.com/DSpace/DSpace/pull/303
47525,MOVE_CLASS;MOVE_RENAME_CLASS;RENAME_ATTRIBUTE;RENAME_CLASS;RENAME_METHOD;RENAME_PACKAGE;RENAME_PARAMETER;RENAME_VARIABLE,https://github.com/commercetools/commercetools-sunrise-java/pull/663
47526,EXTRACT_AND_MOVE_OPERATION;EXTRACT_CLASS;EXTRACT_OPERATION;EXTRACT_SUPERCLASS;EXTRACT_VARIABLE;INLINE_OPERATION;MOVE_ATTRIBUTE;MOVE_OPERATION;PULL_UP_ATTRIBUTE;PULL_UP_OPERATION;RENAME_ATTRIBUTE;RENAME_CLASS;RENAME_METHOD;RENAME_PACKAGE;RENAME_PARAMETER;RENAME_VARIABLE,https://github.com/bonitasoft/bonita-engine/pull/129
47528,RENAME_CLASS;RENAME_METHOD,https://github.com/spotify/docker-client/pull/24
47529,MOVE_CLASS;RENAME_VARIABLE,https://github.com/Javacord/Javacord/pull/291
47531,EXTRACT_OPERATION;RENAME_CLASS,https://github.com/Tornaco/X-APM/pull/236
47532,EXTRACT_OPERATION;PARAMETERIZE_VARIABLE;RENAME_VARIABLE,https://github.com/citrusframework/citrus/pull/599
47533,INLINE_OPERATION;RENAME_ATTRIBUTE;RENAME_METHOD;RENAME_PARAMETER;RENAME_VARIABLE;REPLACE_VARIABLE_WITH_ATTRIBUTE,https://github.com/minio/minio-java/pull/325
47534,INLINE_OPERATION;RENAME_ATTRIBUTE;RENAME_METHOD;RENAME_VARIABLE,https://github.com/novoda/download-manager/pull/411
47535,MOVE_SOURCE_FOLDER,https://github.com/apache/nutch/pull/399
47537,EXTRACT_CLASS;EXTRACT_OPERATION;MOVE_ATTRIBUTE;MOVE_OPERATION;REPLACE_VARIABLE_WITH_ATTRIBUTE,https://github.com/unclebob/fitnesse/pull/636
47538,EXTRACT_OPERATION;RENAME_VARIABLE,https://github.com/simpligility/android-maven-plugin/pull/78
47539,RENAME_ATTRIBUTE;RENAME_CLASS;RENAME_VARIABLE,https://github.com/square/retrofit/pull/896
47541,EXTRACT_VARIABLE,https://github.com/spring-projects/spring-statemachine/pull/18
47542,EXTRACT_OPERATION,https://github.com/pentaho/big-data-plugin/pull/1368
47543,EXTRACT_OPERATION,https://github.com/BedwarsRel/BedwarsRel/pull/698
47544,MOVE_CLASS,https://github.com/spring-cloud/spring-cloud-skipper/pull/162
47546,RENAME_VARIABLE,https://github.com/domoticz/domoticz-android/pull/33
47548,EXTRACT_OPERATION;RENAME_CLASS,https://github.com/DSpace/DSpace/pull/1722
47549,MOVE_ATTRIBUTE,https://github.com/wocommunity/wonder/pull/61
47551,EXTRACT_OPERATION;RENAME_VARIABLE,https://github.com/pentaho/big-data-plugin/pull/1369
47552,EXTRACT_CLASS;EXTRACT_VARIABLE;MOVE_OPERATION,https://github.com/pentaho/big-data-plugin/pull/1475
47553,EXTRACT_AND_MOVE_OPERATION;PULL_UP_ATTRIBUTE;PULL_UP_OPERATION;RENAME_ATTRIBUTE;RENAME_METHOD;RENAME_PARAMETER;REPLACE_ATTRIBUTE,https://github.com/datacleaner/DataCleaner/pull/172
47554,RENAME_PARAMETER,https://github.com/eclipse/leshan/pull/226
47555,EXTRACT_AND_MOVE_OPERATION;EXTRACT_CLASS;MOVE_CLASS;MOVE_OPERATION;RENAME_CLASS;RENAME_METHOD;RENAME_PARAMETER,https://github.com/cbeust/testng/pull/1604
47556,EXTRACT_OPERATION;INLINE_OPERATION;RENAME_METHOD,https://github.com/zendesk/maxwell/pull/299
47557,RENAME_ATTRIBUTE,https://github.com/DSpace/DSpace/pull/1437
47558,RENAME_ATTRIBUTE;RENAME_METHOD,https://github.com/caelum/vraptor4/pull/998
47560,EXTRACT_AND_MOVE_OPERATION;EXTRACT_INTERFACE;EXTRACT_OPERATION;INLINE_OPERATION;MOVE_ATTRIBUTE;MOVE_CLASS;MOVE_RENAME_CLASS;PARAMETERIZE_VARIABLE;PULL_UP_OPERATION;RENAME_ATTRIBUTE;RENAME_METHOD;RENAME_PACKAGE;RENAME_PARAMETER;RENAME_VARIABLE,https://github.com/unclebob/fitnesse/pull/312
47561,MOVE_OPERATION;RENAME_ATTRIBUTE,https://github.com/xbmc/Kore/pull/100
47562,EXTRACT_VARIABLE;INLINE_VARIABLE,https://github.com/jdbi/jdbi/pull/1095
47563,EXTRACT_INTERFACE;RENAME_CLASS,https://github.com/jdbi/jdbi/pull/446
47564,RENAME_PARAMETER,https://github.com/Direwolf20-MC/BuildingGadgets/pull/113
47568,RENAME_METHOD,https://github.com/zendesk/maxwell/pull/115
47569,EXTRACT_AND_MOVE_OPERATION,https://github.com/jenkinsci/git-client-plugin/pull/108
47570,MOVE_ATTRIBUTE;RENAME_ATTRIBUTE,https://github.com/spotify/docker-client/pull/268
47571,EXTRACT_INTERFACE;EXTRACT_OPERATION,https://github.com/spotify/docker-client/pull/707
47572,EXTRACT_OPERATION,https://github.com/samtools/htsjdk/pull/743
47573,RENAME_METHOD,https://github.com/k0shk0sh/FastHub/pull/650
47574,INLINE_VARIABLE;RENAME_METHOD;RENAME_PARAMETER,https://github.com/apache/fineract/pull/366
47575,MOVE_OPERATION,https://github.com/Netflix/hollow/pull/102
47576,EXTRACT_AND_MOVE_OPERATION;EXTRACT_OPERATION;EXTRACT_VARIABLE;MOVE_ATTRIBUTE;RENAME_ATTRIBUTE;RENAME_CLASS;RENAME_METHOD,https://github.com/adjust/android_sdk/pull/25
47577,RENAME_CLASS,https://github.com/DSpace/DSpace/pull/1027
47579,MOVE_CLASS;RENAME_METHOD;RENAME_PARAMETER;RENAME_VARIABLE,https://github.com/halestudio/hale/pull/298
47580,EXTRACT_VARIABLE,https://github.com/jenkinsci/promoted-builds-plugin/pull/61
47581,EXTRACT_AND_MOVE_OPERATION;EXTRACT_OPERATION;INLINE_OPERATION;RENAME_VARIABLE,https://github.com/google/error-prone/pull/1261
47582,EXTRACT_VARIABLE,https://github.com/pentaho/big-data-plugin/pull/901
47583,MOVE_CLASS,https://github.com/linkedin/pygradle/pull/174
47584,INLINE_OPERATION;MOVE_CLASS;MOVE_RENAME_CLASS;RENAME_PARAMETER;RENAME_VARIABLE,https://github.com/square/retrofit/pull/1978
47585,EXTRACT_OPERATION;RENAME_METHOD,https://github.com/caelum/vraptor4/pull/263
47586,EXTRACT_AND_MOVE_OPERATION;MOVE_ATTRIBUTE,https://github.com/jdbi/jdbi/pull/1409
47587,INLINE_OPERATION;MOVE_CLASS,https://github.com/pentaho/big-data-plugin/pull/613
47589,EXTRACT_INTERFACE;PULL_UP_ATTRIBUTE;PULL_UP_OPERATION;RENAME_ATTRIBUTE;RENAME_CLASS;RENAME_METHOD;RENAME_PARAMETER;RENAME_VARIABLE,https://github.com/novoda/download-manager/pull/280
47590,MOVE_CLASS,https://github.com/pentaho/big-data-plugin/pull/1514
47591,EXTRACT_CLASS;EXTRACT_OPERATION;EXTRACT_SUPERCLASS;EXTRACT_VARIABLE;MOVE_ATTRIBUTE;MOVE_CLASS;MOVE_OPERATION;PULL_UP_OPERATION;RENAME_ATTRIBUTE;RENAME_METHOD;RENAME_VARIABLE,https://github.com/SlimeKnights/TinkersConstruct/pull/2338
47592,RENAME_CLASS;RENAME_VARIABLE,https://github.com/arduino/Arduino/pull/3779
47593,EXTRACT_AND_MOVE_OPERATION;EXTRACT_OPERATION;RENAME_ATTRIBUTE;RENAME_METHOD;RENAME_PARAMETER;RENAME_VARIABLE,https://github.com/zendesk/maxwell/pull/683
47594,MOVE_CLASS,https://github.com/zendesk/maxwell/pull/153
47595,EXTRACT_VARIABLE;RENAME_VARIABLE,https://github.com/Progether/JAdventure/pull/72
47597,EXTRACT_AND_MOVE_OPERATION;EXTRACT_OPERATION;EXTRACT_VARIABLE;PARAMETERIZE_VARIABLE;RENAME_ATTRIBUTE;RENAME_METHOD;RENAME_PARAMETER,https://github.com/pentaho/big-data-plugin/pull/84
47598,INLINE_OPERATION;RENAME_ATTRIBUTE;RENAME_CLASS;RENAME_METHOD;RENAME_PARAMETER;REPLACE_VARIABLE_WITH_ATTRIBUTE,https://github.com/SonarSource/sonar-php/pull/121
47599,EXTRACT_VARIABLE,https://github.com/domoticz/domoticz-android/pull/176
47600,MOVE_CLASS,https://github.com/datacleaner/DataCleaner/pull/1721
47604,MOVE_CLASS,https://github.com/ForestryMC/Binnie/pull/118
47606,EXTRACT_OPERATION;PULL_UP_OPERATION,https://github.com/halestudio/hale/pull/37
47607,EXTRACT_VARIABLE;MOVE_CLASS;RENAME_ATTRIBUTE,https://github.com/veraPDF/veraPDF-library/pull/75
47608,MOVE_CLASS,https://github.com/spring-projects/spring-xd/pull/132
47609,EXTRACT_OPERATION;MOVE_ATTRIBUTE;MOVE_OPERATION;RENAME_ATTRIBUTE;RENAME_VARIABLE,https://github.com/spring-projects/spring-integration/pull/2601
47610,EXTRACT_CLASS;MOVE_ATTRIBUTE;MOVE_CLASS;MOVE_RENAME_CLASS;MOVE_SOURCE_FOLDER;RENAME_METHOD;RENAME_PACKAGE;RENAME_PARAMETER;RENAME_VARIABLE,https://github.com/locationtech/geowave/pull/360
47612,EXTRACT_OPERATION;MOVE_ATTRIBUTE,https://github.com/SonarSource/sonar-php/pull/208
47613,EXTRACT_CLASS;INLINE_VARIABLE;MOVE_ATTRIBUTE;MOVE_OPERATION,https://github.com/veraPDF/veraPDF-library/pull/214
47614,EXTRACT_OPERATION;INLINE_VARIABLE;RENAME_VARIABLE,https://github.com/LibrePlan/libreplan/pull/126
47615,EXTRACT_VARIABLE;MOVE_SOURCE_FOLDER;RENAME_VARIABLE,https://github.com/veraPDF/veraPDF-library/pull/83
47616,EXTRACT_CLASS;MOVE_ATTRIBUTE;PUSH_DOWN_OPERATION,https://github.com/ReactiveX/RxNetty/pull/236
47617,EXTRACT_OPERATION;EXTRACT_VARIABLE;RENAME_ATTRIBUTE;RENAME_CLASS;RENAME_METHOD;RENAME_PARAMETER,https://github.com/zalando/nakadi/pull/343
47619,EXTRACT_OPERATION;RENAME_ATTRIBUTE;RENAME_METHOD;RENAME_VARIABLE,https://github.com/jenkinsci/warnings-plugin/pull/78
47620,EXTRACT_OPERATION;MOVE_ATTRIBUTE;PARAMETERIZE_VARIABLE;RENAME_ATTRIBUTE;RENAME_CLASS;RENAME_METHOD;RENAME_PARAMETER;RENAME_VARIABLE;REPLACE_VARIABLE_WITH_ATTRIBUTE,https://github.com/kiegroup/optaplanner/pull/150
47621,RENAME_VARIABLE,https://github.com/SonarSource/sonar-php/pull/80
47622,RENAME_PARAMETER,https://github.com/pentaho/big-data-plugin/pull/1012
47623,MOVE_CLASS,https://github.com/docker-java/docker-java/pull/365
47624,MOVE_CLASS,https://github.com/jbake-org/jbake/pull/561
47625,EXTRACT_OPERATION;MOVE_CLASS;RENAME_METHOD;RENAME_PARAMETER,https://github.com/apache/airavata/pull/182
47627,EXTRACT_AND_MOVE_OPERATION;EXTRACT_VARIABLE;PUSH_DOWN_OPERATION;RENAME_CLASS;RENAME_METHOD;RENAME_VARIABLE,https://github.com/jdbi/jdbi/pull/1081
47628,EXTRACT_OPERATION,https://github.com/t-oster/VisiCut/pull/275
47629,EXTRACT_OPERATION;MOVE_OPERATION;PUSH_DOWN_OPERATION;RENAME_METHOD,https://github.com/GwtMaterialDesign/gwt-material/pull/470
47630,INLINE_VARIABLE;RENAME_ATTRIBUTE;RENAME_PARAMETER;RENAME_VARIABLE,https://github.com/caelum/vraptor4/pull/226
47631,EXTRACT_OPERATION;EXTRACT_VARIABLE;RENAME_METHOD,https://github.com/zendesk/maxwell/pull/392
47632,EXTRACT_CLASS;EXTRACT_OPERATION;MOVE_ATTRIBUTE;RENAME_PACKAGE,https://github.com/zendesk/maxwell/pull/742
47633,EXTRACT_OPERATION,https://github.com/DSpace/DSpace/pull/345
47634,RENAME_ATTRIBUTE;RENAME_CLASS;RENAME_PARAMETER;RENAME_VARIABLE,https://github.com/spring-projects/spring-xd/pull/612
47635,INLINE_OPERATION;RENAME_ATTRIBUTE;RENAME_METHOD;RENAME_PARAMETER,https://github.com/spotify/docker-client/pull/190
47636,MOVE_CLASS,https://github.com/cbeust/testng/pull/1187
47637,EXTRACT_VARIABLE;MOVE_CLASS;RENAME_PARAMETER,https://github.com/apache/usergrid/pull/393
47638,EXTRACT_VARIABLE,https://github.com/pentaho/big-data-plugin/pull/1581
47639,EXTRACT_OPERATION;EXTRACT_SUPERCLASS,https://github.com/veraPDF/veraPDF-library/pull/61
47640,REPLACE_VARIABLE_WITH_ATTRIBUTE,https://github.com/Netflix/archaius/pull/324
47641,EXTRACT_CLASS;MOVE_ATTRIBUTE;RENAME_ATTRIBUTE;RENAME_PARAMETER;RENAME_VARIABLE,https://github.com/TeamAmaze/AmazeFileManager/pull/479
47642,EXTRACT_AND_MOVE_OPERATION;EXTRACT_INTERFACE;INLINE_OPERATION,https://github.com/spring-projects/spring-amqp/pull/755
47643,EXTRACT_VARIABLE;MOVE_ATTRIBUTE;RENAME_ATTRIBUTE;RENAME_CLASS;RENAME_PARAMETER,https://github.com/zalando/nakadi/pull/697
47644,MOVE_CLASS;RENAME_VARIABLE,https://github.com/locationtech/geowave/pull/1420
47645,MOVE_CLASS,https://github.com/spring-projects/spring-kafka/pull/803
47646,EXTRACT_VARIABLE;INLINE_OPERATION;RENAME_ATTRIBUTE;RENAME_PARAMETER,https://github.com/jdbi/jdbi/pull/1479
47647,EXTRACT_OPERATION,https://github.com/cqframework/clinical_quality_language/pull/403
47648,RENAME_METHOD,https://github.com/caelum/vraptor4/pull/859
47649,EXTRACT_OPERATION;MOVE_RENAME_CLASS;PARAMETERIZE_VARIABLE;RENAME_CLASS;RENAME_METHOD;RENAME_PARAMETER;RENAME_VARIABLE,https://github.com/confluentinc/kafka-connect-elasticsearch/pull/26
47650,MOVE_OPERATION,https://github.com/cbeust/testng/pull/1895
47651,EXTRACT_CLASS;MOVE_ATTRIBUTE;MOVE_CLASS;MOVE_OPERATION;RENAME_METHOD,https://github.com/TeamAmaze/AmazeFileManager/pull/586
47652,RENAME_ATTRIBUTE;RENAME_METHOD,https://github.com/jenkinsci/acceptance-test-harness/pull/339
47653,EXTRACT_OPERATION;MOVE_CLASS;MOVE_OPERATION;MOVE_RENAME_CLASS;RENAME_ATTRIBUTE;RENAME_METHOD;RENAME_VARIABLE,https://github.com/concordion/concordion/pull/214
47654,EXTRACT_OPERATION;INLINE_OPERATION;MOVE_ATTRIBUTE;RENAME_METHOD,https://github.com/novoda/download-manager/pull/156
47655,EXTRACT_OPERATION;RENAME_METHOD,https://github.com/TeamAmaze/AmazeFileManager/pull/1577
47656,EXTRACT_VARIABLE;MOVE_ATTRIBUTE,https://github.com/zalando/nakadi/pull/812
47657,EXTRACT_OPERATION;RENAME_CLASS;RENAME_METHOD,https://github.com/craftercms/engine/pull/101
47658,RENAME_METHOD;RENAME_PARAMETER;RENAME_VARIABLE,https://github.com/SonarSource/sonar-python/pull/213
47659,EXTRACT_OPERATION,https://github.com/osmdroid/osmdroid/pull/1117
47660,EXTRACT_AND_MOVE_OPERATION;EXTRACT_VARIABLE;INLINE_OPERATION;INLINE_VARIABLE;MOVE_OPERATION;MOVE_RENAME_CLASS;PARAMETERIZE_VARIABLE;RENAME_ATTRIBUTE;RENAME_CLASS;RENAME_METHOD;RENAME_VARIABLE,https://github.com/datacleaner/DataCleaner/pull/1168
47661,EXTRACT_OPERATION;MOVE_OPERATION,https://github.com/TeamAmaze/AmazeFileManager/pull/1226
47662,EXTRACT_OPERATION;EXTRACT_VARIABLE;RENAME_METHOD;RENAME_PARAMETER;RENAME_VARIABLE,https://github.com/DSpace/DSpace/pull/2376
47663,EXTRACT_OPERATION;RENAME_METHOD,https://github.com/samtools/htsjdk/pull/458
47664,EXTRACT_OPERATION;RENAME_METHOD,https://github.com/pentaho/big-data-plugin/pull/26
47665,EXTRACT_INTERFACE;MOVE_ATTRIBUTE;PARAMETERIZE_VARIABLE;RENAME_CLASS;RENAME_PARAMETER,https://github.com/novoda/download-manager/pull/272
47666,EXTRACT_VARIABLE,https://github.com/pentaho/big-data-plugin/pull/1083
47667,EXTRACT_AND_MOVE_OPERATION,https://github.com/liquibase/liquibase/pull/292
47668,EXTRACT_CLASS;EXTRACT_OPERATION;EXTRACT_VARIABLE;MOVE_ATTRIBUTE;RENAME_ATTRIBUTE;RENAME_METHOD;RENAME_PARAMETER,https://github.com/zalando/nakadi/pull/907
47669,RENAME_VARIABLE,https://github.com/hidroh/materialistic/pull/115
47671,MOVE_CLASS,https://github.com/spring-projects/spring-integration/pull/2390
47672,EXTRACT_VARIABLE,https://github.com/ForestryMC/Binnie/pull/498
47673,EXTRACT_OPERATION;MOVE_OPERATION,https://github.com/unclebob/fitnesse/pull/513
47674,PUSH_DOWN_ATTRIBUTE;PUSH_DOWN_OPERATION;RENAME_PARAMETER;RENAME_VARIABLE,https://github.com/jenkinsci/acceptance-test-harness/pull/71
47675,MOVE_OPERATION;RENAME_VARIABLE,https://github.com/java-native-access/jna/pull/483
47676,RENAME_VARIABLE,https://github.com/locationtech/geowave/pull/1215
47677,EXTRACT_SUPERCLASS;MOVE_RENAME_CLASS;PULL_UP_OPERATION;RENAME_CLASS;RENAME_METHOD,https://github.com/jdbi/jdbi/pull/1343
47678,EXTRACT_OPERATION,https://github.com/dropwizard/dropwizard/pull/739
47679,EXTRACT_CLASS;MOVE_ATTRIBUTE;MOVE_CLASS;RENAME_ATTRIBUTE;RENAME_CLASS;RENAME_METHOD;RENAME_PARAMETER;RENAME_VARIABLE,https://github.com/divolte/divolte-collector/pull/89
47680,EXTRACT_VARIABLE;RENAME_METHOD,https://github.com/zerocracy/farm/pull/720
47683,EXTRACT_AND_MOVE_OPERATION;EXTRACT_CLASS;EXTRACT_OPERATION;EXTRACT_SUPERCLASS;EXTRACT_VARIABLE;INLINE_OPERATION;MOVE_ATTRIBUTE;MOVE_CLASS;MOVE_OPERATION;MOVE_RENAME_CLASS;PULL_UP_OPERATION;RENAME_CLASS;RENAME_METHOD;RENAME_PARAMETER;RENAME_VARIABLE,https://github.com/commercetools/commercetools-sunrise-java/pull/488
47684,EXTRACT_CLASS;MOVE_OPERATION;PULL_UP_OPERATION;RENAME_METHOD,https://github.com/unitsofmeasurement/indriya/pull/61
47685,EXTRACT_OPERATION,https://github.com/samtools/htsjdk/pull/1067
47686,MOVE_CLASS,https://github.com/caelum/vraptor4/pull/108
47687,EXTRACT_OPERATION;INLINE_VARIABLE;RENAME_METHOD,https://github.com/owlcs/owlapi/pull/370
47688,EXTRACT_AND_MOVE_OPERATION;EXTRACT_CLASS;EXTRACT_OPERATION;RENAME_METHOD,https://github.com/veraPDF/veraPDF-library/pull/270
47689,EXTRACT_OPERATION;EXTRACT_VARIABLE;RENAME_CLASS,https://github.com/martykan/forecastie/pull/53
47690,RENAME_METHOD,https://github.com/jdbi/jdbi/pull/513
47691,EXTRACT_CLASS;EXTRACT_OPERATION;INLINE_OPERATION;MOVE_ATTRIBUTE;MOVE_OPERATION;MOVE_RENAME_ATTRIBUTE;RENAME_ATTRIBUTE;RENAME_METHOD;RENAME_PARAMETER;RENAME_VARIABLE,https://github.com/zalando/nakadi/pull/81
47692,PULL_UP_OPERATION,https://github.com/pentaho/big-data-plugin/pull/1653
47694,EXTRACT_VARIABLE,https://github.com/SonarSource/sonar-php/pull/152
47695,EXTRACT_AND_MOVE_OPERATION;EXTRACT_OPERATION;RENAME_METHOD,https://github.com/loklak/loklak_server/pull/1430
47696,MOVE_OPERATION,https://github.com/spring-projects/spring-integration/pull/489
47697,EXTRACT_INTERFACE;MOVE_CLASS,https://github.com/ratpack/ratpack/pull/935
47698,INLINE_OPERATION;RENAME_METHOD;RENAME_PARAMETER;RENAME_VARIABLE,https://github.com/SleepyTrousers/EnderIO/pull/4372
47699,EXTRACT_CLASS;EXTRACT_OPERATION;MOVE_CLASS;MOVE_OPERATION;MOVE_RENAME_CLASS;MOVE_SOURCE_FOLDER;RENAME_CLASS;RENAME_PACKAGE,https://github.com/jdemetra/jdemetra-app/pull/441
47700,EXTRACT_CLASS;MOVE_CLASS;MOVE_OPERATION;RENAME_ATTRIBUTE;RENAME_CLASS;RENAME_METHOD,https://github.com/caelum/vraptor4/pull/873
47701,EXTRACT_OPERATION;RENAME_PARAMETER,https://github.com/jdbi/jdbi/pull/713
47702,EXTRACT_AND_MOVE_OPERATION;EXTRACT_OPERATION;RENAME_METHOD;RENAME_PARAMETER;RENAME_VARIABLE,https://github.com/ReactiveX/RxNetty/pull/253
47703,EXTRACT_OPERATION;EXTRACT_SUBCLASS;PULL_UP_ATTRIBUTE;PULL_UP_OPERATION;PUSH_DOWN_ATTRIBUTE;PUSH_DOWN_OPERATION;RENAME_ATTRIBUTE;RENAME_METHOD;RENAME_PARAMETER,https://github.com/zalando/nakadi/pull/362
47704,EXTRACT_AND_MOVE_OPERATION;EXTRACT_SUPERCLASS;MOVE_ATTRIBUTE;MOVE_CLASS;MOVE_OPERATION;RENAME_ATTRIBUTE;RENAME_METHOD;RENAME_PARAMETER;RENAME_VARIABLE,https://github.com/apache/airavata/pull/159
47705,EXTRACT_AND_MOVE_OPERATION;EXTRACT_OPERATION;MOVE_ATTRIBUTE;MOVE_OPERATION;PARAMETERIZE_VARIABLE;RENAME_ATTRIBUTE;RENAME_VARIABLE;REPLACE_VARIABLE_WITH_ATTRIBUTE,https://github.com/osmdroid/osmdroid/pull/627
47706,RENAME_METHOD,https://github.com/guardianproject/haven/pull/374
47707,EXTRACT_OPERATION;EXTRACT_SUBCLASS;EXTRACT_SUPERCLASS;EXTRACT_VARIABLE;INLINE_OPERATION;MOVE_ATTRIBUTE;MOVE_OPERATION;MOVE_RENAME_CLASS;PULL_UP_ATTRIBUTE;PULL_UP_OPERATION;PUSH_DOWN_ATTRIBUTE;PUSH_DOWN_OPERATION;RENAME_ATTRIBUTE;RENAME_CLASS;RENAME_METHOD;RENAME_PARAMETER;RENAME_VARIABLE,https://github.com/mitreid-connect/OpenID-Connect-Java-Spring-Server/pull/112
47709,EXTRACT_OPERATION,https://github.com/aaberg/sql2o/pull/112
47710,RENAME_METHOD,https://github.com/jenkinsci/docker-plugin/pull/282
47712,EXTRACT_OPERATION;RENAME_METHOD;RENAME_PARAMETER;RENAME_VARIABLE,https://github.com/apache/usergrid/pull/261
47713,EXTRACT_OPERATION;INLINE_OPERATION;RENAME_METHOD,https://github.com/pentaho/big-data-plugin/pull/840
47714,EXTRACT_AND_MOVE_OPERATION,https://github.com/hopshadoop/hopsworks/pull/617
47715,EXTRACT_OPERATION;RENAME_PARAMETER,https://github.com/osmdroid/osmdroid/pull/1253
47716,EXTRACT_AND_MOVE_OPERATION;EXTRACT_OPERATION;RENAME_PARAMETER;RENAME_VARIABLE,https://github.com/conveyal/r5/pull/204
47717,RENAME_CLASS,https://github.com/jdbi/jdbi/pull/667
47718,RENAME_METHOD,https://github.com/docker-java/docker-java/pull/378
47719,EXTRACT_OPERATION,https://github.com/minio/minio-java/pull/524
47720,PULL_UP_OPERATION,https://github.com/pentaho/big-data-plugin/pull/1558
47722,MOVE_SOURCE_FOLDER,https://github.com/Findwise/Hydra/pull/169
47723,RENAME_VARIABLE,https://github.com/dropwizard/dropwizard/pull/2673
47724,EXTRACT_CLASS;EXTRACT_VARIABLE;MOVE_ATTRIBUTE;MOVE_OPERATION;PARAMETERIZE_VARIABLE;RENAME_ATTRIBUTE;RENAME_PARAMETER;RENAME_VARIABLE,https://github.com/novoda/download-manager/pull/54
47726,EXTRACT_VARIABLE;RENAME_VARIABLE,https://github.com/OneBusAway/onebusaway-application-modules/pull/176
47727,EXTRACT_AND_MOVE_OPERATION;EXTRACT_CLASS;EXTRACT_OPERATION;EXTRACT_SUPERCLASS;INLINE_OPERATION;MOVE_ATTRIBUTE;MOVE_CLASS;PUSH_DOWN_ATTRIBUTE;PUSH_DOWN_OPERATION;RENAME_ATTRIBUTE;RENAME_CLASS;RENAME_METHOD;RENAME_PACKAGE;RENAME_PARAMETER;RENAME_VARIABLE,https://github.com/commercetools/commercetools-sunrise-java/pull/99
47728,EXTRACT_AND_MOVE_OPERATION,https://github.com/cbeust/testng/pull/1879
47729,MOVE_CLASS;RENAME_METHOD,https://github.com/maks/MGit/pull/343
47730,INLINE_VARIABLE;RENAME_METHOD;RENAME_VARIABLE,https://github.com/openrocket/openrocket/pull/486
47731,EXTRACT_OPERATION;EXTRACT_SUPERCLASS;MOVE_CLASS;RENAME_ATTRIBUTE;RENAME_CLASS;RENAME_METHOD;RENAME_PARAMETER;RENAME_VARIABLE,https://github.com/DSpace/DSpace/pull/2391
47732,EXTRACT_OPERATION;INLINE_OPERATION;RENAME_ATTRIBUTE;RENAME_METHOD;RENAME_VARIABLE,https://github.com/DSpace/DSpace/pull/1326
47734,RENAME_METHOD,https://github.com/samtools/htsjdk/pull/466
47735,EXTRACT_VARIABLE,https://github.com/ccrama/Slide/pull/2700
47736,EXTRACT_OPERATION;RENAME_ATTRIBUTE;RENAME_METHOD,https://github.com/apache/struts/pull/43
47737,EXTRACT_OPERATION,https://github.com/pentaho/big-data-plugin/pull/1566
47738,EXTRACT_OPERATION;RENAME_VARIABLE,https://github.com/flyingsaucerproject/flyingsaucer/pull/99
47739,EXTRACT_OPERATION;PARAMETERIZE_VARIABLE;RENAME_METHOD,https://github.com/MegaMek/mekhq/pull/926
47740,EXTRACT_AND_MOVE_OPERATION;EXTRACT_OPERATION;EXTRACT_SUBCLASS;EXTRACT_SUPERCLASS;EXTRACT_VARIABLE;MOVE_CLASS;PULL_UP_OPERATION;PUSH_DOWN_OPERATION;RENAME_METHOD;RENAME_VARIABLE,https://github.com/restlet/restlet-framework-java/pull/644
47741,RENAME_METHOD,https://github.com/unclebob/fitnesse/pull/301
47742,EXTRACT_AND_MOVE_OPERATION;EXTRACT_CLASS;EXTRACT_OPERATION;EXTRACT_VARIABLE;MOVE_ATTRIBUTE;MOVE_OPERATION;RENAME_METHOD,https://github.com/antlr/intellij-plugin-v4/pull/108
47743,PULL_UP_ATTRIBUTE,https://github.com/jitsi/jitsi/pull/414
47746,EXTRACT_AND_MOVE_OPERATION,https://github.com/pietermartin/sqlg/pull/105
47748,EXTRACT_OPERATION;EXTRACT_VARIABLE;PARAMETERIZE_VARIABLE,https://github.com/citrusframework/citrus/pull/317
47749,EXTRACT_OPERATION,https://github.com/cbeust/testng/pull/1861
47750,EXTRACT_AND_MOVE_OPERATION;EXTRACT_CLASS;EXTRACT_OPERATION;EXTRACT_SUPERCLASS;EXTRACT_VARIABLE;INLINE_VARIABLE;MOVE_OPERATION;PULL_UP_ATTRIBUTE;PULL_UP_OPERATION;RENAME_ATTRIBUTE;RENAME_CLASS;RENAME_METHOD;RENAME_PARAMETER;RENAME_VARIABLE,https://github.com/jvm-profiling-tools/honest-profiler/pull/218
47751,EXTRACT_CLASS;EXTRACT_OPERATION;EXTRACT_VARIABLE;MOVE_ATTRIBUTE;MOVE_OPERATION;RENAME_ATTRIBUTE;RENAME_METHOD;RENAME_PARAMETER;RENAME_VARIABLE;REPLACE_VARIABLE_WITH_ATTRIBUTE,https://github.com/DSpace/DSpace/pull/1852
47752,RENAME_METHOD;RENAME_VARIABLE,https://github.com/pentaho/big-data-plugin/pull/847
47754,MOVE_SOURCE_FOLDER,https://github.com/jcodec/jcodec/pull/214
47755,MOVE_SOURCE_FOLDER,https://github.com/commercetools/commercetools-sunrise-java/pull/586
47756,RENAME_METHOD;RENAME_PARAMETER,https://github.com/brettwooldridge/HikariCP/pull/428
47757,EXTRACT_OPERATION;INLINE_OPERATION;PARAMETERIZE_VARIABLE;RENAME_CLASS;RENAME_METHOD;RENAME_VARIABLE,https://github.com/ta4j/ta4j/pull/294
47758,EXTRACT_VARIABLE;INLINE_OPERATION;RENAME_PARAMETER;RENAME_VARIABLE,https://github.com/minio/minio-java/pull/307
47760,EXTRACT_OPERATION;RENAME_METHOD,https://github.com/caelum/vraptor4/pull/730
47761,EXTRACT_OPERATION;EXTRACT_VARIABLE;RENAME_ATTRIBUTE,https://github.com/pentaho/big-data-plugin/pull/1377
47762,EXTRACT_AND_MOVE_OPERATION;EXTRACT_OPERATION;EXTRACT_SUBCLASS;INLINE_OPERATION;MOVE_ATTRIBUTE;MOVE_CLASS;PUSH_DOWN_ATTRIBUTE;PUSH_DOWN_OPERATION;RENAME_CLASS;RENAME_METHOD;RENAME_PARAMETER;RENAME_VARIABLE,https://github.com/commercetools/commercetools-sunrise-java/pull/151
47764,PULL_UP_ATTRIBUTE,https://github.com/simpligility/android-maven-plugin/pull/162
47765,EXTRACT_VARIABLE,https://github.com/spring-projects/spring-integration/pull/1572
47766,EXTRACT_CLASS;EXTRACT_OPERATION;EXTRACT_VARIABLE;MOVE_ATTRIBUTE,https://github.com/jdbi/jdbi/pull/442
47767,EXTRACT_AND_MOVE_OPERATION;EXTRACT_OPERATION;EXTRACT_SUPERCLASS;PULL_UP_ATTRIBUTE;PULL_UP_OPERATION;RENAME_METHOD;RENAME_PARAMETER;RENAME_VARIABLE,https://github.com/forrestguice/SuntimesWidget/pull/70
47768,EXTRACT_VARIABLE;RENAME_ATTRIBUTE;RENAME_PARAMETER;RENAME_VARIABLE,https://github.com/ForestryMC/Binnie/pull/33
47769,EXTRACT_OPERATION;INLINE_OPERATION;RENAME_ATTRIBUTE;RENAME_METHOD,https://github.com/DSpace/DSpace/pull/2291
47770,EXTRACT_OPERATION,https://github.com/novoda/download-manager/pull/159
47771,RENAME_METHOD,https://github.com/jdbi/jdbi/pull/891
47773,EXTRACT_OPERATION;MOVE_CLASS;RENAME_CLASS;RENAME_METHOD;RENAME_VARIABLE,https://github.com/conveyal/r5/pull/493
47774,EXTRACT_CLASS;MOVE_ATTRIBUTE;MOVE_CLASS;MOVE_OPERATION;RENAME_ATTRIBUTE;RENAME_CLASS,https://github.com/dropwizard/dropwizard/pull/488
47775,EXTRACT_OPERATION;EXTRACT_SUPERCLASS;PULL_UP_ATTRIBUTE;PULL_UP_OPERATION,https://github.com/xbmc/Kore/pull/374
47776,EXTRACT_SUBCLASS;MOVE_OPERATION;PUSH_DOWN_ATTRIBUTE;PUSH_DOWN_OPERATION;RENAME_CLASS;RENAME_METHOD;RENAME_VARIABLE,https://github.com/liquibase/liquibase/pull/73
47777,MOVE_CLASS,https://github.com/DSpace/DSpace/pull/324
47781,EXTRACT_SUBCLASS;PUSH_DOWN_ATTRIBUTE;PUSH_DOWN_OPERATION,https://github.com/samtools/htsjdk/pull/60
47782,RENAME_PARAMETER,https://github.com/zendesk/maxwell/pull/288
47783,EXTRACT_VARIABLE,https://github.com/docker-java/docker-java/pull/125
47784,EXTRACT_OPERATION;RENAME_PARAMETER,https://github.com/osmdroid/osmdroid/pull/1245
47785,EXTRACT_CLASS;EXTRACT_OPERATION;INLINE_OPERATION;MOVE_ATTRIBUTE;MOVE_CLASS;MOVE_OPERATION;MOVE_RENAME_CLASS;MOVE_SOURCE_FOLDER;RENAME_METHOD;RENAME_PACKAGE;RENAME_PARAMETER;RENAME_VARIABLE;REPLACE_VARIABLE_WITH_ATTRIBUTE,https://github.com/veraPDF/veraPDF-library/pull/349
47786,EXTRACT_VARIABLE,https://github.com/jbake-org/jbake/pull/519
47787,EXTRACT_AND_MOVE_OPERATION;EXTRACT_CLASS;EXTRACT_OPERATION;EXTRACT_VARIABLE;INLINE_VARIABLE;MOVE_ATTRIBUTE;MOVE_OPERATION;PARAMETERIZE_VARIABLE;RENAME_ATTRIBUTE;RENAME_CLASS;RENAME_METHOD;RENAME_PARAMETER;RENAME_VARIABLE;REPLACE_VARIABLE_WITH_ATTRIBUTE,https://github.com/eclipse/elk/pull/4
47788,EXTRACT_OPERATION;RENAME_VARIABLE,https://github.com/dkpro/dkpro-core/pull/1051
47789,RENAME_ATTRIBUTE;RENAME_METHOD,https://github.com/novoda/download-manager/pull/79
47790,PUSH_DOWN_OPERATION,https://github.com/Netflix/zuul/pull/456
47791,INLINE_OPERATION,https://github.com/phonegap/phonegap-plugin-push/pull/220
47792,EXTRACT_VARIABLE,https://github.com/simpligility/android-maven-plugin/pull/313
47793,EXTRACT_VARIABLE,https://github.com/zalando/nakadi/pull/658
47794,EXTRACT_OPERATION;EXTRACT_VARIABLE;MOVE_CLASS;MOVE_RENAME_ATTRIBUTE;RENAME_ATTRIBUTE;RENAME_METHOD;RENAME_VARIABLE;REPLACE_VARIABLE_WITH_ATTRIBUTE,https://github.com/conveyal/r5/pull/399
47795,MOVE_SOURCE_FOLDER,https://github.com/square/retrofit/pull/50
47796,EXTRACT_AND_MOVE_OPERATION;EXTRACT_OPERATION;RENAME_VARIABLE,https://github.com/zendesk/maxwell/pull/184
47797,MOVE_CLASS;RENAME_CLASS;RENAME_METHOD;RENAME_VARIABLE,https://github.com/zalando/nakadi/pull/933
47798,EXTRACT_OPERATION;RENAME_METHOD,https://github.com/bonitasoft/bonita-engine/pull/211
47799,EXTRACT_OPERATION,https://github.com/domoticz/domoticz-android/pull/217
47800,EXTRACT_OPERATION;PARAMETERIZE_VARIABLE,https://github.com/Swagger2Markup/swagger2markup/pull/221
47801,EXTRACT_OPERATION;EXTRACT_VARIABLE;RENAME_PARAMETER,https://github.com/locationtech/geowave/pull/592
47802,MOVE_RENAME_CLASS;RENAME_PACKAGE,https://github.com/jdbi/jdbi/pull/704
47803,EXTRACT_AND_MOVE_OPERATION;EXTRACT_CLASS;EXTRACT_OPERATION;EXTRACT_VARIABLE;INLINE_OPERATION;INLINE_VARIABLE;MOVE_ATTRIBUTE;MOVE_OPERATION;MOVE_RENAME_ATTRIBUTE;PULL_UP_ATTRIBUTE;PULL_UP_OPERATION;PUSH_DOWN_OPERATION;RENAME_ATTRIBUTE;RENAME_CLASS;RENAME_METHOD;RENAME_PARAMETER;RENAME_VARIABLE;REPLACE_VARIABLE_WITH_ATTRIBUTE,https://github.com/apache/metamodel/pull/182
47804,EXTRACT_OPERATION,https://github.com/cqframework/clinical_quality_language/pull/201
47805,RENAME_PACKAGE;RENAME_VARIABLE,https://github.com/hopshadoop/hopsworks/pull/898
47807,EXTRACT_INTERFACE;RENAME_CLASS;RENAME_VARIABLE,https://github.com/datacleaner/DataCleaner/pull/969
47809,EXTRACT_VARIABLE,https://github.com/lettuce-io/lettuce-core/pull/2
47810,RENAME_VARIABLE,https://github.com/pentaho/big-data-plugin/pull/722
47811,RENAME_METHOD,https://github.com/evollu/react-native-fcm/pull/779
47812,EXTRACT_OPERATION;INLINE_VARIABLE;PARAMETERIZE_VARIABLE;RENAME_ATTRIBUTE;RENAME_METHOD;RENAME_VARIABLE,https://github.com/jenkinsci/acceptance-test-harness/pull/332
47813,EXTRACT_OPERATION,https://github.com/cbeust/testng/pull/1361
47814,RENAME_PARAMETER;RENAME_VARIABLE,https://github.com/openrocket/openrocket/pull/16
47815,INLINE_OPERATION,https://github.com/google/error-prone/pull/1193
47816,EXTRACT_CLASS;INLINE_OPERATION;MOVE_OPERATION;RENAME_ATTRIBUTE;RENAME_METHOD;RENAME_PARAMETER;RENAME_VARIABLE,https://github.com/osmdroid/osmdroid/pull/826
47817,EXTRACT_OPERATION;EXTRACT_VARIABLE;REPLACE_VARIABLE_WITH_ATTRIBUTE,https://github.com/MegaMek/mekhq/pull/996
47996,INLINE_VARIABLE,https://github.com/opendatakit/aggregate/pull/322
47997,MOVE_SOURCE_FOLDER,https://github.com/Netflix/zuul/pull/21
47998,EXTRACT_VARIABLE;INLINE_OPERATION;INLINE_VARIABLE,https://github.com/DSpace/DSpace/pull/1464
47999,REPLACE_VARIABLE_WITH_ATTRIBUTE,https://github.com/jbake-org/jbake/pull/185
48000,EXTRACT_OPERATION;EXTRACT_SUBCLASS;EXTRACT_VARIABLE;INLINE_OPERATION;MOVE_RENAME_CLASS;PUSH_DOWN_ATTRIBUTE;RENAME_ATTRIBUTE;RENAME_CLASS;RENAME_METHOD;RENAME_PARAMETER,https://github.com/datacleaner/DataCleaner/pull/705
48001,PULL_UP_ATTRIBUTE,https://github.com/SCADA-LTS/Scada-LTS/pull/32
48002,EXTRACT_AND_MOVE_OPERATION,https://github.com/domoticz/domoticz-android/pull/85
48003,EXTRACT_VARIABLE;PUSH_DOWN_OPERATION;RENAME_METHOD,https://github.com/SonarSource/sonar-python/pull/189
48004,EXTRACT_OPERATION;EXTRACT_VARIABLE;INLINE_OPERATION;MOVE_ATTRIBUTE;MOVE_SOURCE_FOLDER;PARAMETERIZE_VARIABLE;RENAME_VARIABLE;REPLACE_VARIABLE_WITH_ATTRIBUTE,https://github.com/google/sagetv/pull/156
48005,EXTRACT_INTERFACE;EXTRACT_VARIABLE;RENAME_VARIABLE;REPLACE_VARIABLE_WITH_ATTRIBUTE,https://github.com/connectbot/connectbot/pull/195
48006,EXTRACT_CLASS;MOVE_ATTRIBUTE;RENAME_METHOD,https://github.com/xbmc/Kore/pull/320
48007,EXTRACT_VARIABLE;MOVE_ATTRIBUTE;RENAME_ATTRIBUTE;RENAME_PARAMETER;REPLACE_VARIABLE_WITH_ATTRIBUTE,https://github.com/apache/nutch/pull/294
48008,EXTRACT_CLASS;MOVE_ATTRIBUTE;MOVE_OPERATION;RENAME_ATTRIBUTE;RENAME_VARIABLE,https://github.com/confluentinc/kafka-connect-elasticsearch/pull/3
48009,MOVE_ATTRIBUTE,https://github.com/jenkinsci/warnings-plugin/pull/10
48010,RENAME_ATTRIBUTE;RENAME_PARAMETER;REPLACE_VARIABLE_WITH_ATTRIBUTE,https://github.com/zalando/nakadi/pull/576
48011,EXTRACT_AND_MOVE_OPERATION;EXTRACT_OPERATION;MOVE_CLASS;RENAME_CLASS;RENAME_METHOD;RENAME_PARAMETER;RENAME_VARIABLE;REPLACE_VARIABLE_WITH_ATTRIBUTE,https://github.com/java-native-access/jna/pull/185
48012,EXTRACT_VARIABLE;RENAME_CLASS,https://github.com/jitsi/jitsi/pull/483
48013,EXTRACT_INTERFACE;RENAME_ATTRIBUTE;RENAME_CLASS;REPLACE_VARIABLE_WITH_ATTRIBUTE,https://github.com/apache/struts/pull/123
48014,MOVE_OPERATION;PUSH_DOWN_OPERATION;RENAME_ATTRIBUTE;RENAME_VARIABLE,https://github.com/SlimeKnights/TinkersConstruct/pull/2046
48015,EXTRACT_OPERATION,https://github.com/phonegap/phonegap-plugin-push/pull/1227
48016,EXTRACT_VARIABLE,https://github.com/jenkinsci/promoted-builds-plugin/pull/87
48017,EXTRACT_OPERATION,https://github.com/google/error-prone/pull/1071
48018,EXTRACT_VARIABLE,https://github.com/jdemetra/jdemetra-app/pull/267
48019,EXTRACT_AND_MOVE_OPERATION;EXTRACT_OPERATION,https://github.com/Direwolf20-MC/BuildingGadgets/pull/297
48020,EXTRACT_AND_MOVE_OPERATION;MOVE_ATTRIBUTE;RENAME_ATTRIBUTE;RENAME_PARAMETER;RENAME_VARIABLE,https://github.com/52North/WPS/pull/137
48021,EXTRACT_VARIABLE;INLINE_VARIABLE;MOVE_RENAME_CLASS;RENAME_ATTRIBUTE;RENAME_VARIABLE;REPLACE_VARIABLE_WITH_ATTRIBUTE,https://github.com/yandex/clickhouse-jdbc/pull/92
48022,EXTRACT_SUBCLASS;PUSH_DOWN_ATTRIBUTE;PUSH_DOWN_OPERATION,https://github.com/osmdroid/osmdroid/pull/179
48023,EXTRACT_OPERATION;EXTRACT_VARIABLE;INLINE_VARIABLE;MOVE_CLASS;PUSH_DOWN_ATTRIBUTE;PUSH_DOWN_OPERATION;RENAME_ATTRIBUTE;RENAME_CLASS;RENAME_PARAMETER;RENAME_VARIABLE,https://github.com/linkedin/pygradle/pull/176
48024,INLINE_VARIABLE;RENAME_ATTRIBUTE;RENAME_VARIABLE;REPLACE_VARIABLE_WITH_ATTRIBUTE,https://github.com/slapperwan/gh4a/pull/203
48025,EXTRACT_OPERATION;RENAME_PARAMETER,https://github.com/minio/minio-java/pull/302
48026,MOVE_OPERATION,https://github.com/cqframework/clinical_quality_language/pull/211
48027,EXTRACT_OPERATION;EXTRACT_VARIABLE;RENAME_VARIABLE,https://github.com/square/retrofit/pull/612
48028,EXTRACT_AND_MOVE_OPERATION;INLINE_OPERATION;RENAME_METHOD;RENAME_PARAMETER,https://github.com/ccrama/Slide/pull/1393
48029,EXTRACT_OPERATION,https://github.com/martykan/forecastie/pull/27
48030,MOVE_ATTRIBUTE;RENAME_VARIABLE;REPLACE_VARIABLE_WITH_ATTRIBUTE,https://github.com/Progether/JAdventure/pull/49
48031,EXTRACT_VARIABLE;RENAME_CLASS;RENAME_PARAMETER;RENAME_VARIABLE,https://github.com/Blazebit/blaze-persistence/pull/363
48032,EXTRACT_OPERATION;EXTRACT_VARIABLE;MOVE_OPERATION;RENAME_ATTRIBUTE;RENAME_CLASS;RENAME_METHOD;RENAME_PARAMETER;RENAME_VARIABLE,https://github.com/conveyal/r5/pull/453
48033,EXTRACT_INTERFACE;EXTRACT_OPERATION;EXTRACT_SUPERCLASS;EXTRACT_VARIABLE;MOVE_RENAME_CLASS;PULL_UP_ATTRIBUTE;PULL_UP_OPERATION;RENAME_METHOD;RENAME_PACKAGE;RENAME_VARIABLE,https://github.com/ObeoNetwork/M2Doc/pull/12
48034,EXTRACT_OPERATION,https://github.com/jenkinsci/git-client-plugin/pull/148
48035,EXTRACT_OPERATION,https://github.com/embulk/embulk-output-jdbc/pull/7
48036,EXTRACT_VARIABLE,https://github.com/Spectre0987/TardisMod/pull/172
48037,MOVE_ATTRIBUTE,https://github.com/owlcs/owlapi/pull/358
48038,EXTRACT_OPERATION;MOVE_ATTRIBUTE;MOVE_OPERATION;RENAME_METHOD,https://github.com/openMF/mifos-mobile/pull/128
48039,EXTRACT_OPERATION;EXTRACT_VARIABLE;RENAME_METHOD,https://github.com/SleepyTrousers/EnderIO/pull/2382
48040,EXTRACT_OPERATION;MOVE_ATTRIBUTE;MOVE_RENAME_CLASS;PARAMETERIZE_VARIABLE;RENAME_ATTRIBUTE;RENAME_CLASS;RENAME_METHOD;RENAME_PARAMETER;RENAME_VARIABLE,https://github.com/adjust/android_sdk/pull/10
48041,EXTRACT_SUPERCLASS;RENAME_CLASS;RENAME_PARAMETER,https://github.com/commercetools/commercetools-sunrise-java/pull/578
48042,PULL_UP_OPERATION,https://github.com/FasterXML/jackson-core/pull/110
48043,EXTRACT_AND_MOVE_OPERATION;EXTRACT_CLASS;EXTRACT_OPERATION;EXTRACT_SUPERCLASS;INLINE_VARIABLE;MOVE_ATTRIBUTE;MOVE_CLASS;MOVE_OPERATION;MOVE_RENAME_CLASS;PULL_UP_ATTRIBUTE;PULL_UP_OPERATION;RENAME_ATTRIBUTE;RENAME_CLASS;RENAME_METHOD;RENAME_PACKAGE;RENAME_PARAMETER;RENAME_VARIABLE,https://github.com/jvm-profiling-tools/honest-profiler/pull/184
48044,EXTRACT_OPERATION;RENAME_ATTRIBUTE;RENAME_PARAMETER;RENAME_VARIABLE,https://github.com/Netflix/hollow/pull/168
48045,EXTRACT_OPERATION,https://github.com/k0shk0sh/FastHub/pull/290
48046,MOVE_ATTRIBUTE;MOVE_OPERATION;RENAME_ATTRIBUTE;RENAME_PARAMETER;RENAME_VARIABLE,https://github.com/concordion/concordion/pull/158
48047,EXTRACT_OPERATION,https://github.com/eclipse/leshan/pull/257
48048,EXTRACT_CLASS;EXTRACT_SUPERCLASS;EXTRACT_VARIABLE;MOVE_ATTRIBUTE;MOVE_OPERATION;PULL_UP_ATTRIBUTE;PUSH_DOWN_OPERATION;RENAME_CLASS;RENAME_METHOD;RENAME_VARIABLE,https://github.com/hopshadoop/hopsworks/pull/97
48049,EXTRACT_CLASS;MOVE_ATTRIBUTE,https://github.com/simpligility/android-maven-plugin/pull/445
48050,EXTRACT_OPERATION,https://github.com/craftercms/engine/pull/102
48051,EXTRACT_OPERATION;EXTRACT_VARIABLE;INLINE_VARIABLE;MOVE_OPERATION;PARAMETERIZE_VARIABLE;RENAME_CLASS;RENAME_METHOD;RENAME_VARIABLE,https://github.com/temenostech/IRIS/pull/395
48052,EXTRACT_OPERATION,https://github.com/brettwooldridge/HikariCP/pull/876
48053,PULL_UP_OPERATION,https://github.com/Netflix/archaius/pull/157
48054,EXTRACT_AND_MOVE_OPERATION;EXTRACT_OPERATION;MOVE_ATTRIBUTE;MOVE_OPERATION;RENAME_ATTRIBUTE,https://github.com/guardianproject/haven/pull/307
48055,MOVE_CLASS;RENAME_ATTRIBUTE;RENAME_CLASS;RENAME_VARIABLE,https://github.com/square/javapoet/pull/160
48056,MOVE_CLASS;MOVE_OPERATION;RENAME_CLASS;RENAME_VARIABLE,https://github.com/apache/airavata/pull/101
48057,EXTRACT_CLASS;MOVE_ATTRIBUTE;MOVE_OPERATION,https://github.com/veraPDF/veraPDF-library/pull/124
48058,EXTRACT_OPERATION,https://github.com/halestudio/hale/pull/633
48059,EXTRACT_OPERATION;EXTRACT_VARIABLE,https://github.com/Innoxia/liliths-throne-public/pull/27
48060,EXTRACT_OPERATION,https://github.com/spring-projects/spring-kafka/pull/671
48061,INLINE_OPERATION;MOVE_ATTRIBUTE;RENAME_ATTRIBUTE;RENAME_CLASS;RENAME_METHOD;RENAME_PARAMETER,https://github.com/spring-io/sagan/pull/317
48062,EXTRACT_OPERATION;RENAME_VARIABLE,https://github.com/soabase/exhibitor/pull/175
48063,EXTRACT_CLASS;MOVE_OPERATION;MOVE_RENAME_CLASS;RENAME_ATTRIBUTE;RENAME_PARAMETER,https://github.com/openMF/android-client/pull/306
48064,EXTRACT_OPERATION;RENAME_ATTRIBUTE;RENAME_CLASS;RENAME_METHOD,https://github.com/locationtech/geowave/pull/432
48065,EXTRACT_OPERATION;INLINE_OPERATION;RENAME_VARIABLE,https://github.com/spring-projects/spring-integration/pull/2711
48066,MOVE_OPERATION;RENAME_CLASS;RENAME_METHOD;RENAME_PARAMETER,https://github.com/jdbi/jdbi/pull/659
48067,EXTRACT_SUPERCLASS;PUSH_DOWN_OPERATION,https://github.com/spring-projects/spring-statemachine/pull/10
48068,MOVE_ATTRIBUTE;RENAME_ATTRIBUTE;RENAME_CLASS;RENAME_METHOD;RENAME_PARAMETER,https://github.com/zhcet-amu/zhcet-web/pull/48
48069,EXTRACT_VARIABLE,https://github.com/caelum/vraptor4/pull/36
48070,EXTRACT_OPERATION;EXTRACT_VARIABLE,https://github.com/Talend/tdq-studio-se/pull/206
48071,INLINE_VARIABLE,https://github.com/bonitasoft/bonita-engine/pull/161
48072,EXTRACT_CLASS;MOVE_ATTRIBUTE;MOVE_CLASS;MOVE_OPERATION;RENAME_ATTRIBUTE;RENAME_PARAMETER,https://github.com/FundRequest/platform/pull/147
48073,EXTRACT_OPERATION;RENAME_METHOD,https://github.com/OneBusAway/onebusaway-application-modules/pull/2
48074,EXTRACT_AND_MOVE_OPERATION;EXTRACT_OPERATION;RENAME_METHOD;RENAME_PARAMETER;RENAME_VARIABLE,https://github.com/hortonworks/registry/pull/162
48075,INLINE_VARIABLE;PARAMETERIZE_VARIABLE;RENAME_METHOD;RENAME_PARAMETER,https://github.com/Rajawali/Rajawali/pull/1614
48076,MOVE_OPERATION,https://github.com/MrCrayfish/MrCrayfishFurnitureMod/pull/107
48077,EXTRACT_INTERFACE;EXTRACT_OPERATION;EXTRACT_VARIABLE,https://github.com/ratpack/ratpack/pull/1124
48078,EXTRACT_CLASS;MOVE_ATTRIBUTE;MOVE_OPERATION,https://github.com/dropwizard/dropwizard/pull/1251
48079,EXTRACT_OPERATION;RENAME_VARIABLE,https://github.com/MilkBowl/Vault/pull/207
48080,EXTRACT_OPERATION;RENAME_VARIABLE,https://github.com/kiegroup/optaplanner/pull/127
48081,EXTRACT_AND_MOVE_OPERATION;EXTRACT_OPERATION;MOVE_ATTRIBUTE;RENAME_VARIABLE,https://github.com/influxdata/influxdb-java/pull/471
48082,EXTRACT_AND_MOVE_OPERATION;EXTRACT_CLASS;EXTRACT_SUPERCLASS;MOVE_ATTRIBUTE;MOVE_CLASS;MOVE_OPERATION;RENAME_ATTRIBUTE;RENAME_CLASS;RENAME_METHOD;RENAME_VARIABLE,https://github.com/openrocket/openrocket/pull/94
48083,EXTRACT_OPERATION,https://github.com/zerocracy/farm/pull/1296
48084,EXTRACT_AND_MOVE_OPERATION,https://github.com/TeamAmaze/AmazeFileManager/pull/1478
